Date,HomeTeam,AwayTeam,Matchweek
05/09/2026,Atalanta,Napoli,1
05/09/2026,Bologna,Sassuolo,1
05/09/2026,Cagliari,Parma,1
05/09/2026,Como,Lazio,1
05/09/2026,Fiorentina,Udinese,1
05/09/2026,Frosinone,Juventus,1
05/09/2026,Genoa,Inter,1
05/09/2026,Milan,Venezia,1
05/09/2026,Monza,Lecce,1
05/09/2026,Roma,Torino,1
12/09/2026,Genoa,Frosinone,2
12/09/2026,Inter,Como,2
12/09/2026,Juventus,Cagliari,2
12/09/2026,Lazio,Bologna,2
12/09/2026,Lecce,Milan,2
12/09/2026,Napoli,Fiorentina,2
12/09/2026,Parma,Atalanta,2
12/09/2026,Sassuolo,Roma,2
12/09/2026,Torino,Monza,2
12/09/2026,Udinese,Venezia,2
19/09/2026,Atalanta,Juventus,3
19/09/2026,Bologna,Inter,3
19/09/2026,Cagliari,Genoa,3
19/09/2026,Como,Frosinone,3
19/09/2026,Fiorentina,Parma,3
19/09/2026,Lecce,Torino,3
19/09/2026,Milan,Udinese,3
19/09/2026,Monza,Sassuolo,3
19/09/2026,Roma,Lazio,3
19/09/2026,Venezia,Napoli,3
26/09/2026,Como,Cagliari,4
26/09/2026,Frosinone,Bologna,4
26/09/2026,Genoa,Atalanta,4
26/09/2026,Inter,Roma,4
26/09/2026,Juventus,Fiorentina,4
26/09/2026,Lazio,Monza,4
26/09/2026,Napoli,Udinese,4
26/09/2026,Parma,Venezia,4
26/09/2026,Sassuolo,Lecce,4
26/09/2026,Torino,Milan,4
03/10/2026,Atalanta,Como,5
03/10/2026,Bologna,Cagliari,5
03/10/2026,Fiorentina,Genoa,5
03/10/2026,Lecce,Lazio,5
03/10/2026,Milan,Napoli,5
03/10/2026,Monza,Inter,5
03/10/2026,Roma,Frosinone,5
03/10/2026,Torino,Sassuolo,5
03/10/2026,Udinese,Parma,5
03/10/2026,Venezia,Juventus,5
10/10/2026,Bologna,Atalanta,6
10/10/2026,Cagliari,Roma,6
10/10/2026,Como,Fiorentina,6
10/10/2026,Frosinone,Monza,6
10/10/2026,Genoa,Venezia,6
10/10/2026,Inter,Lecce,6
10/10/2026,Juventus,Udinese,6
10/10/2026,Lazio,Torino,6
10/10/2026,Parma,Napoli,6
10/10/2026,Sassuolo,Milan,6
17/10/2026,Fiorentina,Bologna,7
17/10/2026,Lecce,Frosinone,7
17/10/2026,Milan,Parma,7
17/10/2026,Monza,Cagliari,7
17/10/2026,Napoli,Juventus,7
17/10/2026,Roma,Atalanta,7
17/10/2026,Sassuolo,Lazio,7
17/10/2026,Torino,Inter,7
17/10/2026,Udinese,Genoa,7
17/10/2026,Venezia,Como,7
24/10/2026,Atalanta,Monza,8
24/10/2026,Bologna,Venezia,8
24/10/2026,Cagliari,Lecce,8
24/10/2026,Como,Udinese,8
24/10/2026,Frosinone,Torino,8
24/10/2026,Genoa,Napoli,8
24/10/2026,Inter,Sassuolo,8
24/10/2026,Juventus,Parma,8
24/10/2026,Lazio,Milan,8
24/10/2026,Roma,Fiorentina,8
31/10/2026,Lazio,Inter,9
31/10/2026,Lecce,Atalanta,9
31/10/2026,Milan,Juventus,9
31/10/2026,Monza,Fiorentina,9
31/10/2026,Napoli,Como,9
31/10/2026,Parma,Genoa,9
31/10/2026,Sassuolo,Frosinone,9
31/10/2026,Torino,Cagliari,9
31/10/2026,Udinese,Bologna,9
31/10/2026,Venezia,Roma,9
07/11/2026,Atalanta,Torino,10
07/11/2026,Bologna,Napoli,10
07/11/2026,Cagliari,Sassuolo,10
07/11/2026,Como,Parma,10
07/11/2026,Fiorentina,Lecce,10
07/11/2026,Frosinone,Lazio,10
07/11/2026,Genoa,Juventus,10
07/11/2026,Inter,Milan,10
07/11/2026,Monza,Venezia,10
07/11/2026,Roma,Udinese,10
14/11/2026,Inter,Frosinone,11
14/11/2026,Juventus,Como,11
14/11/2026,Lazio,Cagliari,11
14/11/2026,Lecce,Venezia,11
14/11/2026,Milan,Genoa,11
14/11/2026,Napoli,Roma,11
14/11/2026,Parma,Bologna,11
14/11/2026,Sassuolo,Atalanta,11
14/11/2026,Torino,Fiorentina,11
14/11/2026,Udinese,Monza,11
21/11/2026,Atalanta,Lazio,12
21/11/2026,Bologna,Juventus,12
21/11/2026,Cagliari,Inter,12
21/11/2026,Como,Genoa,12
21/11/2026,Fiorentina,Sassuolo,12
21/11/2026,Frosinone,Milan,12
21/11/2026,Lecce,Udinese,12
21/11/2026,Monza,Napoli,12
21/11/2026,Roma,Parma,12
21/11/2026,Venezia,Torino,12
28/11/2026,Frosinone,Cagliari,13
28/11/2026,Genoa,Bologna,13
28/11/2026,Inter,Atalanta,13
28/11/2026,Juventus,Roma,13
28/11/2026,Lazio,Fiorentina,13
28/11/2026,Milan,Como,13
28/11/2026,Napoli,Lecce,13
28/11/2026,Parma,Monza,13
28/11/2026,Sassuolo,Venezia,13
28/11/2026,Torino,Udinese,13
05/12/2026,Atalanta,Frosinone,14
05/12/2026,Bologna,Como,14
05/12/2026,Cagliari,Milan,14
05/12/2026,Fiorentina,Inter,14
05/12/2026,Lecce,Parma,14
05/12/2026,Monza,Juventus,14
05/12/2026,Roma,Genoa,14
05/12/2026,Torino,Napoli,14
05/12/2026,Udinese,Sassuolo,14
05/12/2026,Venezia,Lazio,14
12/12/2026,Cagliari,Atalanta,15
12/12/2026,Como,Roma,15
12/12/2026,Frosinone,Fiorentina,15
12/12/2026,Genoa,Monza,15
12/12/2026,Inter,Venezia,15
12/12/2026,Juventus,Lecce,15
12/12/2026,Lazio,Udinese,15
12/12/2026,Milan,Bologna,15
12/12/2026,Parma,Torino,15
12/12/2026,Sassuolo,Napoli,15
19/12/2026,Atalanta,Milan,16
19/12/2026,Fiorentina,Cagliari,16
19/12/2026,Lecce,Genoa,16
19/12/2026,Monza,Como,16
19/12/2026,Napoli,Lazio,16
19/12/2026,Roma,Bologna,16
19/12/2026,Sassuolo,Parma,16
19/12/2026,Torino,Juventus,16
19/12/2026,Udinese,Inter,16
19/12/2026,Venezia,Frosinone,16
26/12/2026,Atalanta,Fiorentina,17
26/12/2026,Bologna,Monza,17
26/12/2026,Cagliari,Venezia,17
26/12/2026,Como,Lecce,17
26/12/2026,Frosinone,Udinese,17
26/12/2026,Genoa,Torino,17
26/12/2026,Inter,Napoli,17
26/12/2026,Juventus,Sassuolo,17
26/12/2026,Lazio,Parma,17
26/12/2026,Milan,Roma,17
02/01/2027,Fiorentina,Milan,18
02/01/2027,Lazio,Juventus,18
02/01/2027,Lecce,Bologna,18
02/01/2027,Monza,Roma,18
02/01/2027,Napoli,Frosinone,18
02/01/2027,Parma,Inter,18
02/01/2027,Sassuolo,Genoa,18
02/01/2027,Torino,Como,18
02/01/2027,Udinese,Cagliari,18
02/01/2027,Venezia,Atalanta,18
09/01/2027,Atalanta,Udinese,19
09/01/2027,Bologna,Torino,19
09/01/2027,Cagliari,Napoli,19
09/01/2027,Como,Sassuolo,19
09/01/2027,Fiorentina,Venezia,19
09/01/2027,Frosinone,Parma,19
09/01/2027,Genoa,Lazio,19
09/01/2027,Inter,Juventus,19
09/01/2027,Milan,Monza,19
09/01/2027,Roma,Lecce,19
23/01/2027,Inter,Genoa,20
23/01/2027,Juventus,Frosinone,20
23/01/2027,Lazio,Como,20
23/01/2027,Lecce,Monza,20
23/01/2027,Napoli,Atalanta,20
23/01/2027,Parma,Cagliari,20
23/01/2027,Sassuolo,Bologna,20
23/01/2027,Torino,Roma,20
23/01/2027,Udinese,Fiorentina,20
23/01/2027,Venezia,Milan,20
30/01/2027,Atalanta,Parma,21
30/01/2027,Bologna,Lazio,21
30/01/2027,Cagliari,Juventus,21
30/01/2027,Como,Inter,21
30/01/2027,Fiorentina,Napoli,21
30/01/2027,Frosinone,Genoa,21
30/01/2027,Milan,Lecce,21
30/01/2027,Monza,Torino,21
30/01/2027,Roma,Sassuolo,21
30/01/2027,Venezia,Udinese,21
06/02/2027,Frosinone,Como,22
06/02/2027,Genoa,Cagliari,22
06/02/2027,Inter,Bologna,22
06/02/2027,Juventus,Atalanta,22
06/02/2027,Lazio,Roma,22
06/02/2027,Napoli,Venezia,22
06/02/2027,Parma,Fiorentina,22
06/02/2027,Sassuolo,Monza,22
06/02/2027,Torino,Lecce,22
06/02/2027,Udinese,Milan,22
13/02/2027,Atalanta,Genoa,23
13/02/2027,Bologna,Frosinone,23
13/02/2027,Cagliari,Como,23
13/02/2027,Fiorentina,Juventus,23
13/02/2027,Lecce,Sassuolo,23
13/02/2027,Milan,Torino,23
13/02/2027,Monza,Lazio,23
13/02/2027,Roma,Inter,23
13/02/2027,Udinese,Napoli,23
13/02/2027,Venezia,Parma,23
20/02/2027,Cagliari,Bologna,24
20/02/2027,Como,Atalanta,24
20/02/2027,Frosinone,Roma,24
20/02/2027,Genoa,Fiorentina,24
20/02/2027,Inter,Monza,24
20/02/2027,Juventus,Venezia,24
20/02/2027,Lazio,Lecce,24
20/02/2027,Napoli,Milan,24
20/02/2027,Parma,Udinese,24
20/02/2027,Sassuolo,Torino,24
27/02/2027,Atalanta,Bologna,25
27/02/2027,Fiorentina,Como,25
27/02/2027,Lecce,Inter,25
27/02/2027,Milan,Sassuolo,25
27/02/2027,Monza,Frosinone,25
27/02/2027,Napoli,Parma,25
27/02/2027,Roma,Cagliari,25
27/02/2027,Torino,Lazio,25
27/02/2027,Udinese,Juventus,25
27/02/2027,Venezia,Genoa,25
06/03/2027,Atalanta,Roma,26
06/03/2027,Bologna,Fiorentina,26
06/03/2027,Cagliari,Monza,26
06/03/2027,Como,Venezia,26
06/03/2027,Frosinone,Lecce,26
06/03/2027,Genoa,Udinese,26
06/03/2027,Inter,Torino,26
06/03/2027,Juventus,Napoli,26
06/03/2027,Lazio,Sassuolo,26
06/03/2027,Parma,Milan,26
13/03/2027,Fiorentina,Roma,27
13/03/2027,Lecce,Cagliari,27
13/03/2027,Milan,Lazio,27
13/03/2027,Monza,Atalanta,27
13/03/2027,Napoli,Genoa,27
13/03/2027,Parma,Juventus,27
13/03/2027,Sassuolo,Inter,27
13/03/2027,Torino,Frosinone,27
13/03/2027,Udinese,Como,27
13/03/2027,Venezia,Bologna,27
20/03/2027,Atalanta,Lecce,28
20/03/2027,Bologna,Udinese,28
20/03/2027,Cagliari,Torino,28
20/03/2027,Como,Napoli,28
20/03/2027,Fiorentina,Monza,28
20/03/2027,Frosinone,Sassuolo,28
20/03/2027,Genoa,Parma,28
20/03/2027,Inter,Lazio,28
20/03/2027,Juventus,Milan,28
20/03/2027,Roma,Venezia,28
27/03/2027,Juventus,Genoa,29
27/03/2027,Lazio,Frosinone,29
27/03/2027,Lecce,Fiorentina,29
27/03/2027,Milan,Inter,29
27/03/2027,Napoli,Bologna,29
27/03/2027,Parma,Como,29
27/03/2027,Sassuolo,Cagliari,29
27/03/2027,Torino,Atalanta,29
27/03/2027,Udinese,Roma,29
27/03/2027,Venezia,Monza,29
03/04/2027,Atalanta,Sassuolo,30
03/04/2027,Bologna,Parma,30
03/04/2027,Cagliari,Lazio,30
03/04/2027,Como,Juventus,30
03/04/2027,Fiorentina,Torino,30
03/04/2027,Frosinone,Inter,30
03/04/2027,Genoa,Milan,30
03/04/2027,Monza,Udinese,30
03/04/2027,Roma,Napoli,30
03/04/2027,Venezia,Lecce,30
10/04/2027,Genoa,Como,31
10/04/2027,Inter,Cagliari,31
10/04/2027,Juventus,Bologna,31
10/04/2027,Lazio,Atalanta,31
10/04/2027,Milan,Frosinone,31
10/04/2027,Napoli,Monza,31
10/04/2027,Parma,Roma,31
10/04/2027,Sassuolo,Fiorentina,31
10/04/2027,Torino,Venezia,31
10/04/2027,Udinese,Lecce,31
17/04/2027,Atalanta,Inter,32
17/04/2027,Bologna,Genoa,32
17/04/2027,Cagliari,Frosinone,32
17/04/2027,Como,Milan,32
17/04/2027,Fiorentina,Lazio,32
17/04/2027,Lecce,Napoli,32
17/04/2027,Monza,Parma,32
17/04/2027,Roma,Juventus,32
17/04/2027,Udinese,Torino,32
17/04/2027,Venezia,Sassuolo,32
24/04/2027,Como,Bologna,33
24/04/2027,Frosinone,Atalanta,33
24/04/2027,Genoa,Roma,33
24/04/2027,Inter,Fiorentina,33
24/04/2027,Juventus,Monza,33
24/04/2027,Lazio,Venezia,33
24/04/2027,Milan,Cagliari,33
24/04/2027,Napoli,Torino,33
24/04/2027,Parma,Lecce,33
24/04/2027,Sassuolo,Udinese,33
01/05/2027,Atalanta,Cagliari,34
01/05/2027,Bologna,Milan,34
01/05/2027,Fiorentina,Frosinone,34
01/05/2027,Lecce,Juventus,34
01/05/2027,Monza,Genoa,34
01/05/2027,Napoli,Sassuolo,34
01/05/2027,Roma,Como,34
01/05/2027,Torino,Parma,34
01/05/2027,Udinese,Lazio,34
01/05/2027,Venezia,Inter,34
08/05/2027,Bologna,Roma,35
08/05/2027,Cagliari,Fiorentina,35
08/05/2027,Como,Monza,35
08/05/2027,Frosinone,Venezia,35
08/05/2027,Genoa,Lecce,35
08/05/2027,Inter,Udinese,35
08/05/2027,Juventus,Torino,35
08/05/2027,Lazio,Napoli,35
08/05/2027,Milan,Atalanta,35
08/05/2027,Parma,Sassuolo,35
15/05/2027,Fiorentina,Atalanta,36
15/05/2027,Lecce,Como,36
15/05/2027,Monza,Bologna,36
15/05/2027,Napoli,Inter,36
15/05/2027,Parma,Lazio,36
15/05/2027,Roma,Milan,36
15/05/2027,Sassuolo,Juventus,36
15/05/2027,Torino,Genoa,36
15/05/2027,Udinese,Frosinone,36
15/05/2027,Venezia,Cagliari,36
22/05/2027,Atalanta,Venezia,37
22/05/2027,Bologna,Lecce,37
22/05/2027,Cagliari,Udinese,37
22/05/2027,Como,Torino,37
22/05/2027,Frosinone,Napoli,37
22/05/2027,Genoa,Sassuolo,37
22/05/2027,Inter,Parma,37
22/05/2027,Juventus,Lazio,37
22/05/2027,Milan,Fiorentina,37
22/05/2027,Roma,Monza,37
29/05/2027,Juventus,Inter,38
29/05/2027,Lazio,Genoa,38
29/05/2027,Lecce,Roma,38
29/05/2027,Monza,Milan,38
29/05/2027,Napoli,Cagliari,38
29/05/2027,Parma,Frosinone,38
29/05/2027,Sassuolo,Como,38
29/05/2027,Torino,Bologna,38
29/05/2027,Udinese,Atalanta,38
29/05/2027,Venezia,Fiorentina,38
